card_number,expiry_date,cvv,name,account_balance
7812345678901234,11/27,482,Rahul Sharma,125430.75
4928374650912837,08/26,913,Amit Verma,45200.0
6382917465029384,03/28,276,Neha Gupta,9875.5
5172938465019283,07/29,641,Pooja Mehta,34000.0
8293746501928374,12/27,395,Rohit Singh,7600.25
4638291047563829,09/26,182,Anjali Kapoor,158900.0
7483920193847562,04/28,754,Sachin Yadav,21999.99
9051837465928374,06/27,809,Kriti Malhotra,87000.0
6129384756102938,10/29,336,Manish Jain,6400.75
8392017465928371,01/26,920,Shubham Mishra,450.0
5728391047562938,05/28,114,Simran Kaur,12999.0
9182736450918273,02/27,675,Arjun Patel,78400.4
3049281756392847,08/29,342,Nitin Aggarwal,5600.0
7592810364928573,11/26,988,Deepika Arora,99800.0
4827391056729384,06/28,201,Vikas Choudhary,14350.9
6938471059283746,03/27,773,Riya Saxena,8200.0
9183746501928375,09/29,419,Aakash Bansal,67000.0
5738291047561938,04/26,682,Preeti Rawat,3900.6
8273645109283746,12/28,555,Harsh Vohra,21500.0
4901837465928371,07/27,941,Namita Joshi,135000.0
6382910475629384,10/26,308,Saurabh Tiwari,870.0
7192837465019283,01/28,617,Pankaj Tripathi,54000.0
5049281736450192,05/29,844,Tanvi Kulkarni,9600.5
8392018475639284,02/27,192,Kunal Malhotra,48000.0
2748391056729384,08/28,433,Ayush Srivastava,1500.0
9182736450192837,11/26,609,Meenal Goyal,72000.75
5839201746509283,03/29,751,Abhishek Pandey,18500.0
6492837105928374,06/27,864,Rashmi Nair,31000.0
8301746592837465,09/28,277,Mohit Khanna,980.4
4928371047563829,12/26,528,Nisha Oberoi,64000.0
7193847561029384,07/29,390,Rajeev Saxena,41000.0
6039281746501928,04/27,156,Sonal Chhabra,8700.25
9183746509283746,10/28,721,Varun Ahuja,159000.0
4728391056729384,01/26,604,Komal Sethi,3500.0
5839201746592837,08/29,848,Aman Bhatia,22500.0
6938471056729384,05/27,931,Payal Singhal,76000.0
3049281736450928,11/28,266,Ritesh Malviya,880.0
7492837465019283,06/26,514,Divya Chaturvedi,14500.0
9182736450928374,03/29,702,Pranav Kulshreshtha,98000.0
6382910475692837,09/27,381,Sheetal Thakur,6200.0
4728391056192837,12/28,999,Gaurav Rana,51000.5
5839201746501928,07/26,412,Kavita Deshmukh,7800.0
6938471059283746,04/28,188,Siddharth Iyer,134000.0
9183746501928374,10/29,559,Alok Bhardwaj,24000.0
4928371047569283,01/27,720,Renu Mahajan,560.0
7492837465928371,08/28,333,Yogesh Tomar,37500.0
6039281746502938,11/26,811,Sneha Kulkarni,92000.0
9182736450192846,06/29,444,Aditya Narang,1850.0
4728391056729381,03/27,690,Madhuri Kulshreshtha,69000.0
4591560453105660,08/33,467,Nikhil Singh,66800.0
1234567890111213,12/30,422,Nikhil Singh,2500.0
